{"version":1,"config":{"env":{"CONFIG":{"siteinfo":{"name":"Printinix","domain":"printinix.com","supportEmail":"support@printinix.com","phone":"+1-518-240-8163"}},"googleAnalyticsID":"G-YWCSERQ3VY"},"webpackDevMiddleware":null,"eslint":{"ignoreDuringBuilds":false},"typescript":{"ignoreBuildErrors":false,"tsconfigPath":"tsconfig.json"},"distDir":".next","cleanDistDir":true,"assetPrefix":"","configOrigin":"next.config.js","useFileSystemPublicRoutes":true,"generateEtags":true,"pageExtensions":["tsx","ts","jsx","js"],"target":"server","poweredByHeader":true,"compress":false,"analyticsId":"","images":{"deviceSizes":[240,320,480,640,750,828,1080,1200,1920,2048,3840],"imageSizes":[16,32,48,64,96,128,256,384],"path":"/_next/image","loader":"default","domains":["cdn.printinix.com","cms.printinix.com"],"disableStaticImages":false,"minimumCacheTTL":60,"formats":["image/webp"]},"devIndicators":{"buildActivity":true,"buildActivityPosition":"bottom-right"},"onDemandEntries":{"maxInactiveAge":15000,"pagesBufferLength":2},"amp":{"canonicalBase":""},"basePath":"","sassOptions":{},"trailingSlash":false,"i18n":null,"productionBrowserSourceMaps":false,"optimizeFonts":true,"excludeDefaultMomentLocales":true,"serverRuntimeConfig":{},"publicRuntimeConfig":{},"reactStrictMode":true,"httpAgentOptions":{"keepAlive":true},"outputFileTracing":true,"staticPageGenerationTimeout":60,"swcMinify":true,"experimental":{"cpus":15,"sharedPool":true,"plugins":false,"profiling":false,"isrFlushToDisk":true,"workerThreads":false,"pageEnv":false,"optimizeImages":false,"optimizeCss":false,"scrollRestoration":false,"externalDir":false,"reactRoot":false,"disableOptimizedLoading":false,"gzipSize":true,"swcFileReading":true,"craCompat":false,"esmExternals":true,"isrMemoryCacheSize":52428800,"concurrentFeatures":false,"serverComponents":false,"fullySpecified":false,"outputFileTracingRoot":"","outputStandalone":false,"styledComponents":true},"configFileName":"next.config.js"},"appDir":"C:\\Users\\hoang\\Desktop\\idxplz","files":[".next\\routes-manifest.json",".next\\server\\pages-manifest.json",".next\\build-manifest.json",".next\\prerender-manifest.json",".next\\server\\middleware-manifest.json",".next\\react-loadable-manifest.json",".next\\server\\font-manifest.json",".next\\BUILD_ID"],"ignore":["node_modules\\next\\dist\\compiled\\@ampproject\\toolbox-optimizer\\**\\*"]}