{"pageProps":{"pageContent":{"title":"60+ Best Cyber Monday Deals Happening Right Now","body":"<p>Every year it seems like Black Friday and Cyber Monday deals start earlier and earlier, but this year might just break the record, with so many retailers having launched special savings events for the whole month of November. Get gifts for the <a href=\"https://www.bestproducts.com/parenting/kids/g24440535/top-family-gift-ideas/\">whole family</a> without worrying about potential shipping delays — and maybe even pick up a few things for the house in time for holiday hosting.</p>\n<p>Whether you're searching for some new kitchen gadgets for the baker in your life, new tech for the music lovers, or just want to treat yourself to some updated wardrobe staples, we've got you covered this Cyber Monday.</p>\n"}},"__N_SSG":true}